<?xml version="1.0" encoding="utf-8"?>
<window type="dialog" id="1109">
	<visible>[Window.IsActive(fullscreenvideo) + !Player.HasGame] | Window.IsActive(visualisation)</visible>
	<visible>Window.IsActive(seekbar) | Window.IsActive(1135) | Window.IsActive(pvrosdchannels) | Window.IsActive(pvrchannelguide)</visible>
	<depth>DepthOSD</depth>
	<include>Animation_TopSlide</include>
	<zorder>0</zorder>
	<controls>
		<control type="group">
			<animation effect="slide" end="0,-200" time="300" tween="sine" easing="inout" condition="$EXP[infodialog_active]">conditional</animation>
			<animation effect="slide" end="0,140" time="0" condition="Window.IsActive(fullscreenvideo) + Skin.HasSetting(ScopeMode) + String.IsEqual(Skin.String(scope_mode),$LOCALIZE[31476])">Conditional</animation>
			<animation effect="slide" end="0,135" time="0" condition="Window.IsActive(fullscreenvideo) + Skin.HasSetting(ScopeMode) + String.IsEqual(Skin.String(scope_mode),$LOCALIZE[31479])">Conditional</animation>
			<animation effect="slide" end="0,131.5" time="0" condition="Window.IsActive(fullscreenvideo) + Skin.HasSetting(ScopeMode) + String.IsEqual(Skin.String(scope_mode),$LOCALIZE[31475])">Conditional</animation>
			<animation effect="slide" end="0,21" time="0" condition="Window.IsActive(fullscreenvideo) + Skin.HasSetting(ScopeMode) + String.IsEqual(Skin.String(scope_mode),$LOCALIZE[31478])">Conditional</animation>
			<depth>DepthBars</depth>
			<control type="image">
				<left>0</left>
				<top>0</top>
				<width>110%</width>
				<height>250</height>
				<texture colordiffuse="$VAR[Bars_Opacity]">frame/osdfade.png</texture>
			</control>
			<control type="image">
				<left>30</left>
				<top>20</top>
				<width>400</width>
				<height>125</height>
				<texture background="true">$VAR[PlayerInfoClearLogoVar]</texture>
				<aspectratio aligny="top" align="center">keep</aspectratio>
				<visible>[!Window.IsVisible(MusicVisualisation.xml) + !Skin.HasSetting(enable_playerclearlogo) + ![[Window.IsActive(DialogPVRChannelsOSD.xml) | Window.IsActive(DialogPVRChannelGuide.xml)] + Skin.HasSetting(use_fullOsdList)]] | [Window.IsVisible(MusicVisualisation.xml) + !Skin.HasSetting(show_artistclearlogo)]</visible>
			</control>
			<control type="group">
				<visible>!Window.IsVisible(extendedprogressdialog)</visible>
				<animation effect="fade" time="150">VisibleChange</animation>
				<control type="label">
					<font>font_clock</font>
					<shadowcolor>text_shadow</shadowcolor>
					<top>0</top>
					<right>20</right>
					<height>200</height>
					<width>600</width>
					<align>right</align>
					<label>[B]$INFO[System.Time][/B]</label>
				</control>
				<control type="grouplist">
					<right>24</right>
					<top>74</top>
					<width>800</width>
					<height>100</height>
					<align>right</align>
					<itemgap>5</itemgap>
					<orientation>horizontal</orientation>
					<usecontrolcoords>true</usecontrolcoords>
					<control type="label">
						<label>$INFO[Player.FinishTime,$LOCALIZE[31080] ]</label>
						<shadowcolor>text_shadow</shadowcolor>
						<height>100</height>
						<width>auto</width>
						<visible>!String.IsEmpty(Player.Duration)</visible>
						<visible>Player.HasMedia + ![Player.HasGame | VideoPlayer.HasEpg]</visible>
					</control>
					<control type="label">
						<label>$INFO[PVR.EpgEventFinishTime,$LOCALIZE[31080] ]</label>
						<shadowcolor>text_shadow</shadowcolor>
						<height>100</height>
						<width>auto</width>
						<visible>VideoPlayer.HasEpg</visible>
 					</control>
					<include content="BatteryIndicator" condition="Skin.HasSetting(show_battery)">
						<param name="left">18</param>
						<param name="top">8</param>
						<param name="width">106</param>
					</include>
					<control type="image">
						<top>2</top>
						<left>0</left>
						<width>60</width>
						<height>40</height>
						<fadetime>300</fadetime>
						<aspectratio aligny="center" align="right">keep</aspectratio>
						<texture>dialogs/volume/mute.png</texture>
						<visible>Player.Muted</visible>
					</control>
				</control>
			</control>
		</control>
	</controls>
</window>
